feature,importance
qte_totale,0.6968313933157991
ca_mean3,0.1107176188318334
ca_lag1,0.10560908356615936
ca_cummax,0.06669326890597461
nb_clients,0.009637787151582014
nb_transactions,0.0034176601176179795
ca_lag2,0.0027795732634772734
growth_rate,0.002083585717882516
zone_encoded,0.001461379599139065
annee,0.0007686495305346547
