model,MAE,RMSE,R2
Linear Regression,67717.63311056433,139407.68406658652,0.9746073135434802
Random Forest,62970.348436712375,149884.3666875007,0.9706473105611827
Gradient Boosting,57957.02583173119,117893.07209599185,0.9818401693217355
